City,State
LOS ANGELES,California
NEW YORK CITY,New York
HOUSTON,Texas
CHICAGO,Illinois
PHOENIX,Arizona
SAN ANTONIO,Texas
SAN DIEGO,California
DALLAS,Texas
FORT WORTH,Texas
SAN JOSE,California
PHILADELPHIA,Pennsylvania
AUSTIN,Texas
JACKSONVILLE,Florida
COLUMBUS,Ohio
INDIANAPOLIS,Indiana
CHARLOTTE,North Carolina
NASHVILLE,Tennessee
OKLAHOMA CITY,Oklahoma
DENVER,Colorado
EL PASO,Texas
LAS VEGAS,Nevada
MEMPHIS,Tennessee
ALBUQUERQUE,New Mexico
TUCSON,Arizona
KANSAS CITY,Missouri
OMAHA,Nebraska
PORTLAND,Oregon
SEATTLE,Washington
MILWAUKEE,Wisconsin
COLORADO SPRINGS,Colorado
RALEIGH,Nort Carolina
VIRGINIA BEACH,Virginia
FRESNO,California
LONG BEACH,California
SACRAMENTO,California
MESA,Arizona
DETROIT,Michigan
BALTIMORE,Maryland
WICHITA,Kansas
ATLANTA,Georgia
AURORA,Colorado
ARLINGTON,Texas
MIAMI,Florida
SAN FRANCISCO,California
TULSA,Oklahoma
BAKERSFIELD,California
MINNEAPOLIS,Minnesota
TAMPA,Florida
BOSTON,Massachusetts
ANAHEIM,California
ORLANDO,Florida
CORPUS CHRISTI,Texas
SANTA ANA,California
LINCOLN,Nebraska
RIVERSIDE,California
OAKLAND,California
GREENSBORO,North Carolina
WASHINGTON,District of Columbia
HENDERSON,Nevada
ANCHORAGE,Alaska
STOCKTON,California
LUBBOCK,Texas
DURHAM,North Carolina
NEW ORLEANS,Louisiana
CLEVELAND,Ohio
CINCINNATI,Ohio
HONOLULU,Hawaii
ST. LOUIS,Missouri
PLANO,Texas
RENO,Nevada
FORT WAYNE,Indiana
ST. PAUL,Minnesota
CHULA VISTA,California
CHANDLER,Arizona
MADISON,Wisconsin
IRVINE,California
CHESAPEAKE,Virginia
GILBERT,Arizona
GARLAND,Texas
TOLEDO,Ohio
SIOUX FALLS,South Dakota
HUNTSVILLE,Alabama
ST. PETERSBURG,Florida
NORFOLK,Virginia
IRVING,Texas
BOISE CITY,Idaho
LAREDO,Texas
DES MOINES,Iowa
GLENDALE,Arizona
RICHMOND,Virginia
PORT ST. LUCIE,Florida
AMARILLO,Texas
TACOMA,Washington
PITTSBURGH,Pennsylvania
HIALEAH,Florida
SCOTTSDALE,Arizona
BUFFALO,New York
TALLAHASSEE,Florida
SANTA CLARITOA,California
MORENO VALLEY,California